I,A,V,lambda1_real,lambda1_imag,lambda2_real,lambda2_imag,lambda3_real,lambda3_imag,max_real_eig,min_real_eig,param_alpha_I,param_alpha_A,param_alpha_V,param_beta_IA,param_beta_AV,param_beta_VI,param_gamma_I,param_gamma_A,param_gamma_V,param_w
0.12723750964022465,0.0968180296091509,-0.3948885069966075,0.3624404661778422,0.0,-0.08687538174773762,0.0,0.09356744078769604,0.0,0.3624404661778422,-0.08687538174773762,0.31426870101836957,0.3633294735405661,0.32641060625364415,0.5387628351661081,0.4259175777972499,0.6482710970490069,0.263693056239957,0.2462399017846098,0.5298516140291488,0.5778735525086949
0.12723750964149888,-0.09681802960901917,0.3948885069963978,0.38859336616440704,0.0,0.09001993943176029,0.0,-0.08265259213582342,0.0,0.38859336616440704,-0.08265259213582342,0.31426870101836957,0.3633294735405661,0.32641060625364415,0.5387628351661081,0.4259175777972499,0.6482710970490069,0.263693056239957,0.2462399017846098,0.5298516140291488,0.5778735525086949
-0.1272375096402401,0.09681802960908388,0.39488850699666284,0.3806394330692955,0.0,0.09454323642172652,0.0,-0.08082578447416253,0.0,0.3806394330692955,-0.08082578447416253,0.31426870101836957,0.3633294735405661,0.32641060625364415,0.5387628351661081,0.4259175777972499,0.6482710970490069,0.263693056239957,0.2462399017846098,0.5298516140291488,0.5778735525086949
-0.1272375096405635,-0.09681802960726259,-0.3948885069899775,0.40450784952003466,0.0,0.111246127652725,0.0,-0.0626249956041232,0.0,0.40450784952003466,-0.0626249956041232,0.31426870101836957,0.3633294735405661,0.32641060625364415,0.5387628351661081,0.4259175777972499,0.6482710970490069,0.263693056239957,0.2462399017846098,0.5298516140291488,0.5778735525086949
-1.5e-323,5e-324,4e-323,0.17285030012526453,0.0,0.1183471826656009,0.0,-0.058622419396926584,0.0,0.17285030012526453,-0.058622419396926584,0.4118412269193239,0.26544946782801454,0.3751703504438167,0.7057682068164768,0.2940557044827012,0.7581201564331579,0.288061338765096,0.1773058156128423,0.5228605441353089,0.8296529059352465
0.13790290363134702,0.19388623685988876,-0.18595467721540657,-0.11855713682224489,0.0,0.257287763572886,0.0,0.19183085650865253,0.0,0.257287763572886,-0.11855713682224489,0.2767446160179052,0.30019971496218745,0.1552566512982285,0.534066524211325,0.6741698741091772,0.8110905041794036,0.36076328039634364,0.5552469072257935,0.1016497761762289,0.3800705138475372
-0.13790290361450988,0.19388623684207446,0.1859546771919458,-0.12088615931991997,0.0,0.26426263436521485,0.0,0.18232250910488626,0.0,0.26426263436521485,-0.12088615931991997,0.2767446160179052,0.30019971496218745,0.1552566512982285,0.534066524211325,0.6741698741091772,0.8110905041794036,0.36076328039634364,0.5552469072257935,0.1016497761762289,0.3800705138475372
0.13790290361452434,-0.1938862368420834,0.1859546771919625,-0.12058056263884073,0.0,0.24023889128586948,0.0,0.20210653682618243,0.0,0.24023889128586948,-0.12058056263884073,0.2767446160179052,0.30019971496218745,0.1552566512982285,0.534066524211325,0.6741698741091772,0.8110905041794036,0.36076328039634364,0.5552469072257935,0.1016497761762289,0.3800705138475372
0.08870666829176276,-0.35737874696207556,0.10635943897795216,0.36838832229580015,0.0,-0.044409351579387885,0.0,0.03195978866618887,0.0,0.36838832229580015,-0.044409351579387885,0.208429897328452,0.028704907246566852,0.3398485980373222,0.30914661137852234,0.14313115633650325,0.8638325287470969,0.48125338297098197,0.15792045643447356,0.521865720344903,0.15784052470539206
-0.08870666826622056,0.3573787469492191,0.10635943893398297,0.37706136133161827,0.0,-0.03713596605232385,0.0,0.03681423712722875,0.0,0.37706136133161827,-0.03713596605232385,0.208429897328452,0.028704907246566852,0.3398485980373222,0.30914661137852234,0.14313115633650325,0.8638325287470969,0.48125338297098197,0.15792045643447356,0.521865720344903,0.15784052470539206
-0.08870666825291824,-0.3573787469373783,-0.10635943890529384,0.41257559850386627,0.0,0.04743405498237154,0.0,-0.025798969071140425,0.0,0.41257559850386627,-0.025798969071140425,0.208429897328452,0.028704907246566852,0.3398485980373222,0.30914661137852234,0.14313115633650325,0.8638325287470969,0.48125338297098197,0.15792045643447356,0.521865720344903,0.15784052470539206
0.08870666825488392,0.3573787469548594,-0.10635943891747016,0.4053752249875513,0.0,0.0370570333472531,0.0,-0.03442409737190695,0.0,0.4053752249875513,-0.03442409737190695,0.208429897328452,0.028704907246566852,0.3398485980373222,0.30914661137852234,0.14313115633650325,0.8638325287470969,0.48125338297098197,0.15792045643447356,0.521865720344903,0.15784052470539206
0.02058508368127692,0.10134304776119889,0.12249622582329564,-0.2713640190430555,0.0,0.024395231689796276,0.0,-0.023319641667753722,0.0,0.024395231689796276,-0.2713640190430555,0.13319957466416765,0.05582517517322853,0.0923021992113199,0.4202425515743456,0.4445881414847576,0.8117384067519648,0.6966746319437777,0.12052433727816264,0.1912292829005404,0.5549693898573447
0.32962913925038756,-0.002006988468577095,-0.00121376142164039,0.01743583001520973,0.0,0.00575404928371501,0.0,-0.34234685166706535,0.0,0.01743583001520973,-0.34234685166706535,0.08302903592562316,0.05429080147775959,0.09021360587672166,0.5941557516204352,0.3919409838151363,0.6180232845222993,0.17764184947601297,0.4302716771546441,0.8683999203859546,0.3699256356157713
-0.4426082428519827,0.7364995918712243,0.14305337145768665,0.5317440272867093,0.0,0.11414255605777177,0.0,-0.08785317489344205,0.0,0.5317440272867093,-0.08785317489344205,0.31216530253106967,0.15152184817880662,0.5595267814851237,0.5554003574070535,0.262559291850625,0.1850521754346352,0.7410810694829739,0.5310266394050975,0.5676451368120138,0.24283098440366999
0.44260824285143113,0.7364995918719084,-0.14305337145754815,0.5975174949197786,0.0,-0.10912878584836158,0.0,0.07325903366717013,0.0,0.5975174949197786,-0.10912878584836158,0.31216530253106967,0.15152184817880662,0.5595267814851237,0.5554003574070535,0.262559291850625,0.1850521754346352,0.7410810694829739,0.5310266394050975,0.5676451368120138,0.24283098440366999
0.4030843923800719,-0.4976002179177906,0.430516184579452,-0.28255176599764165,0.0,0.48190284078981477,0.0,0.3642668871205756,0.0,0.48190284078981477,-0.28255176599764165,0.41297208524066487,0.1977884877958604,0.27385271959633517,0.669977419561848,0.42632439012802503,0.4840037407439473,0.5141015377200617,0.4437033005287011,0.4369025677572318,0.1106844257539815
0.4030843924647789,0.49760021787179354,-0.4305161846098777,-0.2710918275709233,0.0,0.5562856384882223,0.0,0.32461828102500845,0.0,0.5562856384882223,-0.2710918275709233,0.41297208524066487,0.1977884877958604,0.27385271959633517,0.669977419561848,0.42632439012802503,0.4840037407439473,0.5141015377200617,0.4437033005287011,0.4369025677572318,0.1106844257539815
-0.4030843923838074,0.49760021792200304,0.4305161845838129,-0.2561104614536096,0.0,0.6793106272489877,0.0,0.27950569502138034,0.0,0.6793106272489877,-0.2561104614536096,0.41297208524066487,0.1977884877958604,0.27385271959633517,0.669977419561848,0.42632439012802503,0.4840037407439473,0.5141015377200617,0.4437033005287011,0.4369025677572318,0.1106844257539815
0.1437034461208369,0.6079715197954406,0.4098703017243995,-0.3728426458560354,0.0,0.1468404712467183,0.0,-0.10796318839879228,0.0,0.1468404712467183,-0.3728426458560354,0.049320029456959055,0.15729668776835787,0.16076847772903083,0.1644484395071864,0.48638927719941805,0.566882422059102,0.7233774010219196,0.44208937285674277,0.6090198517796431,0.4623899344532797
0.17522646196031516,0.34899936026722045,-0.21529052609596835,-0.11671431953097045,0.0,0.14834225200299295,0.0,0.3515942120316715,0.0,0.3515942120316715,-0.11671431953097045,0.20152476358835664,0.14720894133762488,0.5091884704721168,0.2593711413793775,0.6136459430733737,0.7193122573730258,0.1269516211345396,0.11369532193271921,0.42857030572224,0.7113550581455429
0.17522646196279873,-0.3489993603481164,0.21529052624125036,-0.12231595060980957,0.0,0.173224720854279,0.0,0.2906349332935233,0.0,0.2906349332935233,-0.12231595060980957,0.20152476358835664,0.14720894133762488,0.5091884704721168,0.2593711413793775,0.6136459430733737,0.7193122573730258,0.1269516211345396,0.11369532193271921,0.42857030572224,0.7113550581455429
-0.17522646196023306,0.3489993602670987,0.2152905260957838,-0.12612460425467692,0.0,0.30122821057750243,0.0,0.15911735809156044,0.0,0.30122821057750243,-0.12612460425467692,0.20152476358835664,0.14720894133762488,0.5091884704721168,0.2593711413793775,0.6136459430733737,0.7193122573730258,0.1269516211345396,0.11369532193271921,0.42857030572224,0.7113550581455429
-0.4715891236487191,0.5410750027110096,0.6432519217276753,-0.29993314040161656,0.0,0.4012864368896504,0.0,0.34777936074137444,0.0,0.4012864368896504,-0.29993314040161656,0.24347455046130118,0.2774534678686954,0.31922415175445895,0.22863902481861603,0.4161774350148323,0.6623536252916808,0.5431346691468129,0.32069807038741904,0.4104976576688256,0.13759348713762778
0.31779950815103636,0.9719670921549954,-0.24906446579612898,0.6673953260142111,0.0,-0.0924844855018461,0.0,0.06890471658394633,0.0,0.6673953260142111,-0.0924844855018461,0.36194661856550614,0.16183417319489965,0.5154151942190672,0.3955978444084582,0.12560088788358686,0.28271428821464445,0.2545028438851755,0.6366847534429568,0.6920611317115125,0.23811754436517668
-0.3177995081502857,0.9719670921516829,0.24906446579632435,0.6621117566366044,0.0,0.08079025552108532,0.0,-0.08220746106737843,0.0,0.6621117566366044,-0.08220746106737843,0.36194661856550614,0.16183417319489965,0.5154151942190672,0.3955978444084582,0.12560088788358686,0.28271428821464445,0.2545028438851755,0.6366847534429568,0.6920611317115125,0.23811754436517668
0.30206437791838675,0.23097134527988572,0.8336913826219452,0.21086937400663752,0.0,-0.4666654431709529,0.0,-0.14813530259583782,0.0,0.21086937400663752,-0.4666654431709529,0.12296195478508516,0.10580537782821477,0.16116507941545513,0.471456257565698,0.2202755321651907,0.6809453071996567,0.6789246677904004,0.5546323575972335,0.349719973923432,0.6237865098996098
-0.0022283071635150363,-0.27747361533498055,-0.002318154426200488,0.3803445918770062,0.0,0.0370730611179532,0.0,-0.0014504459455162602,0.0,0.3803445918770062,-0.0014504459455162602,0.44443287845091717,0.1750718806186155,0.5022243264474762,0.6611595499460329,0.6731285240482596,0.5753663957479268,0.46720141148067673,0.3705408642480119,0.6462881496798799,0.4760996580136728
0.0015583614054347642,-0.3494543519422048,0.0015736887701224495,0.42389383731943747,0.0,-0.008336061016488814,0.0,-0.0010503419227735125,0.0,0.42389383731943747,-0.008336061016488814,0.44443287845091717,0.1750718806186155,0.5022243264474762,0.6611595499460329,0.6731285240482596,0.5753663957479268,0.46720141148067673,0.3705408642480119,0.6462881496798799,0.4760996580136728
-0.0012387734148526588,0.3138062317465067,0.001256169555795182,0.40233241585325474,0.0,0.014312089410581437,0.0,-0.0014258851597555248,0.0,0.40233241585325474,-0.0014258851597555248,0.44443287845091717,0.1750718806186155,0.5022243264474762,0.6611595499460329,0.6731285240482596,0.5753663957479268,0.46720141148067673,0.3705408642480119,0.6462881496798799,0.4760996580136728
0.3168384095012177,0.21524847449026674,-0.4397444366506924,-0.17591447133411253,0.0,0.25654854893626977,0.0,0.36790400263159845,0.0,0.36790400263159845,-0.17591447133411253,0.30025507510183075,0.3490628462796406,0.37341521625974605,0.5424650122381492,0.37837594227616667,0.6521887844885643,0.29616375518154525,0.22318923490528264,0.5834925697464124,0.46661898676104385
0.3168384095006915,-0.21524847449302215,0.43974443666063806,-0.17828419433099513,0.0,0.20532380251236879,0.0,0.4379779187022568,0.0,0.4379779187022568,-0.17828419433099513,0.30025507510183075,0.3490628462796406,0.37341521625974605,0.5424650122381492,0.37837594227616667,0.6521887844885643,0.29616375518154525,0.22318923490528264,0.5834925697464124,0.46661898676104385
-0.31683840950227626,0.2152484744916997,0.43974443665661994,-0.17425567406894665,0.0,0.4032816020959953,0.0,0.23324823964910102,0.0,0.4032816020959953,-0.17425567406894665,0.30025507510183075,0.3490628462796406,0.37341521625974605,0.5424650122381492,0.37837594227616667,0.6521887844885643,0.29616375518154525,0.22318923490528264,0.5834925697464124,0.46661898676104385
-0.3168384095003412,-0.21524847449252302,-0.4397444366601139,-0.10645537762373924,0.0,0.2963073947499339,0.0,0.4668160479133867,0.0,0.4668160479133867,-0.10645537762373924,0.30025507510183075,0.3490628462796406,0.37341521625974605,0.5424650122381492,0.37837594227616667,0.6521887844885643,0.29616375518154525,0.22318923490528264,0.5834925697464124,0.46661898676104385
1.471025241451307,0.5949104144893165,1.5808799911931841,0.3518253648863627,0.0,-0.046302880989426226,0.0,-0.2868153693968437,0.0,0.3518253648863627,-0.2868153693968437,0.41904672073118227,0.045596286452762584,0.3940229145768899,0.10172731312911905,0.0775277539124638,0.34469016426213883,0.740244047994919,0.5331476582079098,0.8943045414084515,0.6539530222803703
1.1190882802142814,-0.45927700134624033,1.1550991181498937,-0.506730378333912,0.0,0.2683797686499982,0.0,0.43412935514737633,0.0,0.43412935514737633,-0.506730378333912,0.33872275509087574,0.2594707817528341,0.41456436369359473,0.6318543900031999,0.06856502406310364,0.7268371143778398,0.16852398803418273,0.28593520394664607,0.3919847784685596,0.23253912777296729
0.4392903064583641,-0.040650263518574106,0.016919338969391965,-0.06579791730150313,0.0,-0.02569888734172783,0.0,0.32015921016890536,0.0,0.32015921016890536,-0.06579791730150313,0.21493046141056077,0.17479867178434996,0.20456233005241997,0.6781112600904275,0.6275904509743385,0.2758168100722751,0.6639176844360878,0.14786630127657666,0.12288712810648726,0.3904067394881431
1.0986890848966246,-0.3762521125665299,0.556888503663884,-0.13106636744015493,0.0,0.07429274951324731,0.0,0.5263306708515031,0.0,0.5263306708515031,-0.13106636744015493,0.10849667495048149,0.27899629813959503,0.32275235845822653,0.0965482032837844,0.15142968185564032,0.4027436901152018,0.38145181253731464,0.1386636242926763,0.1007429859603434,0.23616092461703897
-0.0059775139875601485,0.0017938817782677061,0.2589851390474471,0.23153681186414307,0.0,0.00119146946202109,0.0,-0.001846900454278218,0.0,0.23153681186414307,-0.001846900454278218,0.14555943309586777,0.2673384448830211,0.25205034115767916,0.6135293933853931,0.21242138953617457,0.31218571633913067,0.24301088863236592,0.20601967095826235,0.6273739981064477,0.4032124163646018
-0.30962405558003,1.7231681077243324,0.2414589335728748,0.6522309140112098,0.0,0.1030399949988298,0.0,-0.11750229793825717,0.0,0.6522309140112098,-0.11750229793825717,0.2970403273977732,0.09568715179234083,0.49182843043415764,0.20928305872117525,0.4271261341233001,0.16875968409391234,0.10721778667098945,0.5234181158128249,0.806826541064988,0.14740763565785484
0.30962405588048003,1.723168108183561,-0.24145893363788604,0.6804079230661343,0.0,0.08781210711503505,0.0,-0.12452787833694073,0.0,0.6804079230661343,-0.12452787833694073,0.2970403273977732,0.09568715179234083,0.49182843043415764,0.20928305872117525,0.4271261341233001,0.16875968409391234,0.10721778667098945,0.5234181158128249,0.806826541064988,0.14740763565785484
0.14157481494404336,-0.4293254475191382,0.2528118632133922,-0.09382855867023937,0.0,0.12863705778834067,0.0,0.2376764750712327,0.0,0.2376764750712327,-0.09382855867023937,0.36923590921130844,0.229333387128617,0.5680412574695913,0.1059483646422547,0.5700979190320679,0.7505335409163698,0.6427129563392417,0.4057106938497115,0.8649444686846695,0.4481167170763747
-0.1415748149440409,0.4293254475191324,0.2528118632134335,-0.10085753251736443,0.0,0.11324944085265154,0.0,0.2422823799263275,0.0,0.2422823799263275,-0.10085753251736443,0.36923590921130844,0.229333387128617,0.5680412574695913,0.1059483646422547,0.5700979190320679,0.7505335409163698,0.6427129563392417,0.4057106938497115,0.8649444686846695,0.4481167170763747
0.14157481494079,0.42932544750869195,-0.2528118632159747,-0.08725192390151974,0.0,0.10720864017571081,0.0,0.30295596997448754,0.0,0.30295596997448754,-0.08725192390151974,0.36923590921130844,0.229333387128617,0.5680412574695913,0.1059483646422547,0.5700979190320679,0.7505335409163698,0.6427129563392417,0.4057106938497115,0.8649444686846695,0.4481167170763747
-0.14157481493102644,-0.42932544751537377,-0.2528118632361752,-0.0612681620254075,0.0,0.13913243762931274,0.0,0.30885703097611755,0.0,0.30885703097611755,-0.0612681620254075,0.36923590921130844,0.229333387128617,0.5680412574695913,0.1059483646422547,0.5700979190320679,0.7505335409163698,0.6427129563392417,0.4057106938497115,0.8649444686846695,0.4481167170763747
0.4279633197336864,0.05630468772484415,0.013766771046077465,0.033932440504956876,0.0,-0.0016484187854166367,0.0,-0.1777353663831913,0.0,0.033932440504956876,-0.1777353663831913,0.10392763765823702,0.033633728132122016,0.12933752623711806,0.6797959152654132,0.6558864935170576,0.06561767752498718,0.21393912755924005,0.27417864265020725,0.6573145195226437,0.3652093518780243
-0.38275800287132844,0.3021587148768139,0.45765642964068076,-0.17750328968917156,0.0,0.5179181963582811,0.0,0.20081335705284953,0.0,0.5179181963582811,-0.17750328968917156,0.37567062805960894,0.35350422360610595,0.4807878263169014,0.7597999673605074,0.15527037870264868,0.7211584352477828,0.1374378596913778,0.3579594727419432,0.40558472537373536,0.7360853278446142
0.3827580028713281,-0.3021587148768074,0.4576564296406759,-0.21348166864968648,0.0,0.36855532230260807,0.0,0.23041485780801912,0.0,0.36855532230260807,-0.21348166864968648,0.37567062805960894,0.35350422360610595,0.4807878263169014,0.7597999673605074,0.15527037870264868,0.7211584352477828,0.1374378596913778,0.3579594727419432,0.40558472537373536,0.7360853278446142
0.3827580028404355,0.302158714638486,-0.45765642972700216,-0.18032996461055067,0.0,0.4463249966514486,0.0,0.2319047730977929,0.0,0.4463249966514486,-0.18032996461055067,0.37567062805960894,0.35350422360610595,0.4807878263169014,0.7597999673605074,0.15527037870264868,0.7211584352477828,0.1374378596913778,0.3579594727419432,0.40558472537373536,0.7360853278446142
0.15509218423698617,-0.28703226210308014,0.21943038170350895,0.27036628262235185,0.0,-0.0692818307330736,0.0,0.0567163096772581,0.0,0.27036628262235185,-0.0692818307330736,0.314651923127002,0.18781327431999328,0.2982410406352248,0.3923230671865842,0.10010806259452451,0.681440499835792,0.35140173132161245,0.39804206736228753,0.36196097685535666,0.4420235731131025
-0.15509218419043772,0.2870322620799548,0.21943038158834177,0.2995106079470328,0.0,-0.058684877213451114,0.0,0.059581125590626866,0.0,0.2995106079470328,-0.058684877213451114,0.314651923127002,0.18781327431999328,0.2982410406352248,0.3923230671865842,0.10010806259452451,0.681440499835792,0.35140173132161245,0.39804206736228753,0.36196097685535666,0.4420235731131025
0.15509218423752097,0.28703226210596944,-0.21943038170822077,0.3009832109703571,0.0,-0.05416042934535389,0.0,0.06483487550038979,0.0,0.3009832109703571,-0.05416042934535389,0.314651923127002,0.18781327431999328,0.2982410406352248,0.3923230671865842,0.10010806259452451,0.681440499835792,0.35140173132161245,0.39804206736228753,0.36196097685535666,0.4420235731131025
-0.15509218423818064,-0.2870322621019928,-0.21943038170406695,0.32496442529221786,0.0,0.08110341565826816,0.0,-0.03817660387398645,0.0,0.32496442529221786,-0.03817660387398645,0.314651923127002,0.18781327431999328,0.2982410406352248,0.3923230671865842,0.10010806259452451,0.681440499835792,0.35140173132161245,0.39804206736228753,0.36196097685535666,0.4420235731131025
-0.025511407732400043,2.0930547680886407,0.0135138720704568,0.749731551670063,0.0,0.045780868929493304,0.0,-0.005163788467727861,0.0,0.749731551670063,-0.005163788467727861,0.44690173780674186,0.03998899613669596,0.4784257119883069,0.3334029182159431,0.19506270331360748,0.08492126004665204,0.2093390305895705,0.15129611592020628,0.24878091146242856,0.2950306834912129
1.102033401307669,-0.4759943715681541,2.3346600184476727,-0.556531396292788,0.0,0.10226967352443046,0.0,0.700518784044273,0.0,0.700518784044273,-0.556531396292788,0.45233372392343707,0.3876376001807542,0.19372955986661305,0.36941231416355086,0.06385190724384528,0.7508175751244426,0.7546378114160216,0.40181815859334413,0.2366634309979917,0.10577282637060784
0.1909939873960135,0.08027708145556246,-0.11385196098128779,-0.08296570471345191,0.0,0.11113142651040381,0.0,0.277619662965116,0.0,0.277619662965116,-0.08296570471345191,0.08438241698009269,0.18481007029396218,0.17144668697078755,0.7162355374216385,0.6237653236765561,0.8177120319848544,0.4961419348163154,0.15691528449775938,0.607209079705118,0.10099558168436912
-0.19099398739659734,0.08027708145580242,0.1138519609814139,-0.08584392768522592,0.0,0.11157342963900828,0.0,0.2680732020516713,0.0,0.2680732020516713,-0.08584392768522592,0.08438241698009269,0.18481007029396218,0.17144668697078755,0.7162355374216385,0.6237653236765561,0.8177120319848544,0.4961419348163154,0.15691528449775938,0.607209079705118,0.10099558168436912
0.19099398739614631,-0.08027708145519653,0.11385196098150656,-0.08406433758600135,0.0,0.1062567673191732,0.0,0.28564551771256186,0.0,0.28564551771256186,-0.08406433758600135,0.08438241698009269,0.18481007029396218,0.17144668697078755,0.7162355374216385,0.6237653236765561,0.8177120319848544,0.4961419348163154,0.15691528449775938,0.607209079705118,0.10099558168436912
-0.19099398737741374,-0.08027708144744887,-0.11385196097625543,-0.07020946685284017,0.0,0.1220145170507951,0.0,0.2942002987761941,0.0,0.2942002987761941,-0.07020946685284017,0.08438241698009269,0.18481007029396218,0.17144668697078755,0.7162355374216385,0.6237653236765561,0.8177120319848544,0.4961419348163154,0.15691528449775938,0.607209079705118,0.10099558168436912
-0.3687326480331438,0.7377916823299678,1.1212659738480986,-0.42549192947975367,0.0,0.5908689276439604,0.0,0.2848728846435367,0.0,0.5908689276439604,-0.42549192947975367,0.4088814054326741,0.38836178510684216,0.36239929675035537,0.12564312115710613,0.6108586270839121,0.8609559803530369,0.5356595008339576,0.1942146062621432,0.6474804190929672,0.2370871639040747
-0.009397483963644824,0.15806237455757205,-0.011083601497398567,-0.21109194992743283,0.0,-0.0005934209609364129,0.0,0.04275039313068511,0.0,0.04275039313068511,-0.21109194992743283,0.1539163572718823,0.1272960884411523,0.15819079028897615,0.5561760592939995,0.3814537174463262,0.8047161121528572,0.4597259613649949,0.15612452713363373,0.4866140622418411,0.5498664456721766
0.21487084081309363,0.7562412761315903,0.1471927587148192,-0.8719783917546722,0.0,0.18528301109144774,0.0,-0.11614635671952414,0.0,0.18528301109144774,-0.8719783917546722,0.25283844832635893,0.10282128132825614,0.08025470457789585,0.5197486193666703,0.6535418006011311,0.621140835181994,0.6050659437918101,0.15083818852767533,0.88769688500816,0.86286920636166
0.016679367438951057,0.0069083617596879775,0.5556168388795121,-0.4064608298342264,0.0,-0.0007585036238935104,0.0,0.0210480290959439,0.0,0.0210480290959439,-0.4064608298342264,0.04056997164341235,0.019444033232484045,0.5990496990322732,0.6833435733421931,0.19404348160872464,0.8052646843137953,0.31678667339550354,0.3763580154436996,0.8617795985982329,0.6751126205360095
0.3384452090692647,0.0451900696661822,0.04853765381893665,0.038601791004319305,0.0,-0.03044927380257685,0.0,-0.4258506381738479,0.0,0.038601791004319305,-0.4258506381738479,0.19499571013140451,0.04492451232636622,0.18760003200317685,0.42393657945983176,0.4869034318136742,0.8234638195329984,0.30642560699537613,0.3438933507117572,0.6927951982670116,0.6453220102119535
0.28161674341622606,-0.357648366773662,0.5847032156345648,-0.3020670374194053,0.0,0.7259784332299893,0.0,0.3595729931645217,0.0,0.7259784332299893,-0.3020670374194053,0.45521415663927856,0.3642421051742756,0.2905106746194637,0.5575653427629513,0.6784725434071786,0.8661782383557829,0.16504899799751133,0.2078665404368102,0.566253678820471,0.2495429265742562
-0.2816167434162799,0.3576483667737627,0.5847032156345958,-0.3067367498578233,0.0,0.7758493106039355,0.0,0.3241283100855246,0.0,0.7758493106039355,-0.3067367498578233,0.45521415663927856,0.3642421051742756,0.2905106746194637,0.5575653427629513,0.6784725434071786,0.8661782383557829,0.16504899799751133,0.2078665404368102,0.566253678820471,0.2495429265742562
0.24275598736631387,0.5243978563279268,-0.1299961476850658,0.555131905293743,0.0,-0.08711024880384612,0.0,0.0745303394336007,0.0,0.555131905293743,-0.08711024880384612,0.3973605297240571,0.15618384450008957,0.47876703701061024,0.6860996677468996,0.2275947018723769,0.35256969940349825,0.5188359871330244,0.36116384531290013,0.33840261681483713,0.39452341755268006
-0.24275598736315163,0.524397856327641,0.12999614768343848,0.5302014105905404,0.0,0.09212291092144868,0.0,-0.07599465966781072,0.0,0.5302014105905404,-0.07599465966781072,0.3973605297240571,0.15618384450008957,0.47876703701061024,0.6860996677468996,0.2275947018723769,0.35256969940349825,0.5188359871330244,0.36116384531290013,0.33840261681483713,0.39452341755268006
0.17162351381293245,-0.356889890461965,0.11500600696553377,0.38654527689633217,0.0,-0.0788625656393965,0.0,0.0758055693953421,0.0,0.38654527689633217,-0.0788625656393965,0.3882770478245028,0.20319857895421858,0.5995390568898181,0.4295457401579597,0.3220920740071121,0.5817937662744715,0.7948550314663114,0.5160384504754322,0.8063621781014589,0.35924712805893466
0.17162351371806578,0.3568898904634143,-0.11500600690626596,0.4414065297476744,0.0,-0.07129584640819113,0.0,0.0719334087301773,0.0,0.4414065297476744,-0.07129584640819113,0.3882770478245028,0.20319857895421858,0.5995390568898181,0.4295457401579597,0.3220920740071121,0.5817937662744715,0.7948550314663114,0.5160384504754322,0.8063621781014589,0.35924712805893466
-0.17162351381142504,0.35688989050942344,0.11500600692900438,0.3956077578463363,0.0,0.08141952449803705,0.0,-0.07099277358122101,0.0,0.3956077578463363,-0.07099277358122101,0.3882770478245028,0.20319857895421858,0.5995390568898181,0.4295457401579597,0.3220920740071121,0.5817937662744715,0.7948550314663114,0.5160384504754322,0.8063621781014589,0.35924712805893466
-0.17162351371781648,-0.356889890456709,-0.11500600690487635,0.44866545622588055,0.0,0.09361203458864573,0.0,-0.05225769861970101,0.0,0.44866545622588055,-0.05225769861970101,0.3882770478245028,0.20319857895421858,0.5995390568898181,0.4295457401579597,0.3220920740071121,0.5817937662744715,0.7948550314663114,0.5160384504754322,0.8063621781014589,0.35924712805893466
0.006738101673998712,-0.020588849949920635,0.7359068403651894,0.3086344360482325,0.0,0.0028304186013225685,0.0,-0.010244530537408146,0.0,0.3086344360482325,-0.010244530537408146,0.34407752174184875,0.26037667542859616,0.12866058066193523,0.06911158939602925,0.6337437186085386,0.41587422639551735,0.6574422801476336,0.3850672328417073,0.47905903085828283,0.2851873548305257
-0.15627757118459712,0.5619021615869866,1.0167480765735812,0.4517683872925608,0.0,-0.17845162456081876,0.0,0.1169391569699552,0.0,0.4517683872925608,-0.17845162456081876,0.335709047535127,0.282056366855892,0.2673866520217268,0.07396646407536182,0.6336749205450365,0.6282036386495479,0.22359472977978342,0.3521933332895786,0.7297230719527686,0.29207116515236364
0.8754335304907194,0.9795379785085393,0.45850431096807803,0.3547821378895181,0.0,-0.2589408790517526,0.0,-0.20496761064921673,0.0,0.3547821378895181,-0.2589408790517526,0.13951804084082836,0.05330631920971368,0.12715377853782084,0.5127452148812924,0.48743673442824087,0.07136286470076356,0.7487501474650656,0.470644873136414,0.4847336869203981,0.5376572827683181
-0.2892100816438216,0.19261390711778512,0.18252071314275964,-0.10066006424857851,0.0,0.15974809031590054,0.0,0.21657549526975062,0.0,0.21657549526975062,-0.10066006424857851,0.2143541291488826,0.37650688887641903,0.31526098174060824,0.5951679006309807,0.512941944820658,0.2761317502865802,0.34802468761269045,0.5782164239818847,0.5660905175645259,0.40803495892491404
0.2892100816979754,-0.1926139070735306,0.18252071312889717,-0.10015248957825962,0.0,0.1375938619475816,0.0,0.2505278294312057,0.0,0.2505278294312057,-0.10015248957825962,0.2143541291488826,0.37650688887641903,0.31526098174060824,0.5951679006309807,0.512941944820658,0.2761317502865802,0.34802468761269045,0.5782164239818847,0.5660905175645259,0.40803495892491404
0.28921008169946005,0.19261390707343054,-0.18252071312862936,-0.10483270707653744,0.0,0.1496053252099276,0.0,0.21980775121053903,0.0,0.21980775121053903,-0.10483270707653744,0.2143541291488826,0.37650688887641903,0.31526098174060824,0.5951679006309807,0.512941944820658,0.2761317502865802,0.34802468761269045,0.5782164239818847,0.5660905175645259,0.40803495892491404
0.6425798315455238,1.1198343973208507,-0.3059795458330374,-0.27789970331266045,0.0,0.45858853240813374,0.0,0.1845523150104596,0.0,0.45858853240813374,-0.27789970331266045,0.49206577792359224,0.18083855336433238,0.3379859688566677,0.7082080833358652,0.5329682936473967,0.07862357839578266,0.3544922488326583,0.2703426820876706,0.4742633327032595,0.3227829099129653
0.26691681894259056,0.430402539835047,-0.2687442596327206,-0.2266754512693181,0.0,0.5468933647442022,0.0,0.28043212991207406,0.0,0.5468933647442022,-0.2266754512693181,0.478180746690739,0.3418407417391007,0.39139335035376427,0.7629766704642492,0.6726843806499085,0.5428304146944565,0.4305649605728842,0.6703918036169338,0.46500281255051357,0.3426784984219897
0.2669168189249062,-0.4304025398149728,0.2687442596225164,-0.23141866520210364,0.0,0.4920047500197834,0.0,0.3118479022718649,0.0,0.4920047500197834,-0.23141866520210364,0.478180746690739,0.3418407417391007,0.39139335035376427,0.7629766704642492,0.6726843806499085,0.5428304146944565,0.4305649605728842,0.6703918036169338,0.46500281255051357,0.3426784984219897
-0.2669168189437989,0.43040253986944865,0.26874425963323617,-0.2184372500014481,0.0,0.610118796403288,0.0,0.26075025487947173,0.0,0.610118796403288,-0.2184372500014481,0.478180746690739,0.3418407417391007,0.39139335035376427,0.7629766704642492,0.6726843806499085,0.5428304146944565,0.4305649605728842,0.6703918036169338,0.46500281255051357,0.3426784984219897
0.490063686153784,0.5483966341428873,0.4769199940467564,0.24119732560162704,0.0,-0.3876422070421701,0.0,-0.14810009707605237,0.0,0.24119732560162704,-0.3876422070421701,0.03901819751451425,0.17863684854056944,0.28374263573007896,0.5944741989907594,0.15457951600929398,0.34946560802907284,0.5615099928625814,0.38536528724624297,0.7575484990896381,0.6345073182131805
0.18306399319072314,0.021501494303960346,0.03479267680941932,0.07988348056625795,0.0,0.02072424095197205,0.0,-0.17170221721752127,0.0,0.07988348056625795,-0.17170221721752127,0.1978961942756375,0.2814592252188167,0.10096765921308325,0.6388608957218351,0.38812355142876664,0.761985052732227,0.20875820845798376,0.538165595500624,0.3139338055679629,0.6196560725065681
1.9581326821658545,-0.4851898282555292,0.9545739793007187,-0.30066299953153114,0.0,0.070277288491716,0.0,0.4170716008894953,0.0,0.4170716008894953,-0.30066299953153114,0.3537818355981389,0.3269184515005237,0.510265496980854,0.6400076143125459,0.05718174364858747,0.10068597694034759,0.3290683738731177,0.17335494117203978,0.6666696358150273,0.6150797660843341
0.6580723098248863,-0.4619629834221,1.5379103322099015,-0.29635378293984166,0.0,0.4295628543182682,0.0,0.16490473145831042,0.0,0.4295628543182682,-0.29635378293984166,0.45544038958655997,0.17845198102113316,0.23322476398600603,0.4037269585801701,0.06309982502511709,0.4986188136689242,0.1273207046636576,0.26156480398162,0.8758644962663606,0.15374608415085902
0.6857008313352438,0.2044297854752802,-0.28509815884744427,-0.13967858804050848,0.0,0.14303567650179605,0.0,0.6855501024280138,0.0,0.6855501024280138,-0.13967858804050848,0.11385357757716592,0.23420206071108035,0.48426968729172726,0.6090681743610729,0.1579894815082814,0.874307529263345,0.3558423915252664,0.47640814431801715,0.31173055304458974,0.17447210964384174
0.6857008313255987,-0.2044297855638371,0.2850981590098982,-0.16594621713188004,0.0,0.155654827404382,0.0,0.5158531626932811,0.0,0.5158531626932811,-0.16594621713188004,0.11385357757716592,0.23420206071108035,0.48426968729172726,0.6090681743610729,0.1579894815082814,0.874307529263345,0.3558423915252664,0.47640814431801715,0.31173055304458974,0.17447210964384174
0.5349511010133362,0.1620485937661805,0.21020161138175722,0.15999782237018456,0.0,-0.12194083455166176,0.0,-0.5180344976640007,0.0,0.15999782237018456,-0.5180344976640007,0.3746043580785993,0.07000159452085486,0.31074586880615035,0.5145200834478718,0.3868515900454164,0.7362261384668729,0.5167477448421958,0.4293177353411767,0.7793322318007941,0.788327182500121
0.443638980465242,0.16353212636631353,-0.08531284852429077,-0.07203264811043135,0.0,0.0652715946124938,0.0,0.6196395175248137,0.0,0.6196395175248137,-0.07203264811043135,0.11518592717802606,0.19264505914363755,0.4628509220525336,0.3562223449574628,0.634431579295946,0.52422087884714,0.7788371989559003,0.3431268860136192,0.12776840982182583,0.13351131817165465
0.44363898048105366,-0.16353212636602216,0.08531284852411775,-0.06656257373531106,0.0,0.07761241441238835,0.0,0.5737890517515949,0.0,0.5737890517515949,-0.06656257373531106,0.11518592717802606,0.19264505914363755,0.4628509220525336,0.3562223449574628,0.634431579295946,0.52422087884714,0.7788371989559003,0.3431268860136192,0.12776840982182583,0.13351131817165465
-0.44363898048090883,0.16353212636722259,0.08531284852479866,-0.08066918339813786,0.0,0.06625471543352794,0.0,0.5611688889660198,0.0,0.5611688889660198,-0.08066918339813786,0.11518592717802606,0.19264505914363755,0.4628509220525336,0.3562223449574628,0.634431579295946,0.52422087884714,0.7788371989559003,0.3431268860136192,0.12776840982182583,0.13351131817165465
-0.4436389804780404,-0.16353212636734316,-0.08531284852384186,-0.049767120184844485,0.0,0.09047837628260148,0.0,0.6301308689748598,0.0,0.6301308689748598,-0.049767120184844485,0.11518592717802606,0.19264505914363755,0.4628509220525336,0.3562223449574628,0.634431579295946,0.52422087884714,0.7788371989559003,0.3431268860136192,0.12776840982182583,0.13351131817165465
0.012807495658986645,0.014639469152921095,0.20239071703046838,-0.21829513028821956,0.0,-0.005527867289364959,0.0,0.02589764841523594,0.0,0.02589764841523594,-0.21829513028821956,0.12218825197056822,0.04308338040861493,0.31741723135751304,0.48628521139796244,0.6059980802452677,0.8430778528384536,0.6264648678941608,0.40143295817205205,0.7973718355676623,0.37462076407403233
0.070753434013892,-0.08249389378570636,0.11787491339234271,-0.04530621273423566,0.0,0.11338716210814084,0.0,0.07013587940895256,0.0,0.11338716210814084,-0.04530621273423566,0.21855806688382473,0.20557540664422755,0.5107453358370967,0.45271502639903516,0.5076719116875198,0.5687146952300636,0.2877633732057949,0.28391799234071213,0.8882609658407934,0.5432915808197709
-0.07075343401443415,0.08249389378608911,0.11787491339284631,-0.045419747573073974,0.0,0.11510267061352143,0.0,0.06887024865256826,0.0,0.11510267061352143,-0.045419747573073974,0.21855806688382473,0.20557540664422755,0.5107453358370967,0.45271502639903516,0.5076719116875198,0.5687146952300636,0.2877633732057949,0.28391799234071213,0.8882609658407934,0.5432915808197709
0.07075343401377203,0.08249389378574563,-0.1178749133924134,-0.045545701741351904,0.0,0.10979114224145509,0.0,0.07214222905088266,0.0,0.10979114224145509,-0.045545701741351904,0.21855806688382473,0.20557540664422755,0.5107453358370967,0.45271502639903516,0.5076719116875198,0.5687146952300636,0.2877633732057949,0.28391799234071213,0.8882609658407934,0.5432915808197709
-0.07075343401388831,-0.0824938937857048,-0.11787491339235316,-0.04007508802630122,0.0,0.11837544992807367,0.0,0.07535969703147463,0.0,0.11837544992807367,-0.04007508802630122,0.21855806688382473,0.20557540664422755,0.5107453358370967,0.45271502639903516,0.5076719116875198,0.5687146952300636,0.2877633732057949,0.28391799234071213,0.8882609658407934,0.5432915808197709
-0.33574589647746333,1.2648505211171928,0.31287131290277936,0.6705337625375412,0.0,-0.18498417514724336,0.0,0.15948592646427684,0.0,0.6705337625375412,-0.18498417514724336,0.39364031824580625,0.20358809844897474,0.4632460191755907,0.2518216588682858,0.5296377342108963,0.2790032502599992,0.31295534607859776,0.5158650180784606,0.2732747395897812,0.3093869914926174
0.3357458965016754,1.2648505210472718,-0.3128713128768771,0.7175488903485667,0.0,0.14832621641610544,0.0,-0.18318139222709479,0.0,0.7175488903485667,-0.18318139222709479,0.39364031824580625,0.20358809844897474,0.4632460191755907,0.2518216588682858,0.5296377342108963,0.2790032502599992,0.31295534607859776,0.5158650180784606,0.2732747395897812,0.3093869914926174
0.9826464265057702,0.5411952827477322,0.7831859811203647,0.3623617420672244,0.0,-0.30232217446817977,0.0,-0.16635498893531786,0.0,0.3623617420672244,-0.30232217446817977,0.274667096399668,0.22107964054646911,0.3919060067713176,0.618484695976763,0.06605425018843626,0.39796864196711634,0.6115461877147234,0.35579495052158894,0.7478636792892495,0.8853713092538186
0.6439352632525378,-0.21583917659045718,0.5092418446473608,-0.24689213067527713,0.0,0.22899025315614518,0.0,0.4948604711087155,0.0,0.4948604711087155,-0.24689213067527713,0.15869090102215225,0.3556327523024689,0.35525559715520255,0.6795379170444282,0.17224801589536104,0.8771194577859371,0.17491016428918682,0.384810569430713,0.474618364414895,0.24412238601869352
0.846335900456067,0.41581433686762553,-0.3162255783702429,-0.20332968669780782,0.0,0.18873290704080237,0.0,0.40718078939339414,0.0,0.40718078939339414,-0.20332968669780782,0.21668225144627642,0.22276368263636093,0.3184416206390752,0.7304446246129553,0.25678315207118807,0.1901938217624513,0.286725041528626,0.15972893952330008,0.29668196704169814,0.3599148180786965
0.8463359004568508,-0.41581433686759356,0.31622557837036586,-0.19960891688996937,0.0,0.21360620719924883,0.0,0.38216855329213717,0.0,0.38216855329213717,-0.19960891688996937,0.21668225144627642,0.22276368263636093,0.3184416206390752,0.7304446246129553,0.25678315207118807,0.1901938217624513,0.286725041528626,0.15972893952330008,0.29668196704169814,0.3599148180786965
-0.013982628768007196,0.38264108151456605,0.013325217847270088,0.4621083180819865,0.0,0.005344932066810264,0.0,-0.014203443162457845,0.0,0.4621083180819865,-0.014203443162457845,0.2617469071089037,0.031821210601188754,0.3098855149323954,0.496495144442936,0.19070100934200612,0.6937151789699677,0.7164798063079176,0.39346376068608346,0.23429239380539954,0.11083486219645185
0.32872009731423235,0.26401346492812006,0.24979153606956364,0.10056962046623547,0.0,-0.18847643248181864,0.0,-0.09755820239151622,0.0,0.10056962046623547,-0.18847643248181864,0.3093115376128829,0.03584105229181569,0.490530013239089,0.6228319577982585,0.31165752634556143,0.11604676388234561,0.6241486736812694,0.19082471194743816,0.7629639888831833,0.6957717870528641
0.34152939306291724,0.14538629611385337,0.09508593494615221,0.07063823455096722,0.0,-0.054259839721533,0.0,-0.43239070609802227,0.0,0.07063823455096722,-0.43239070609802227,0.2176171929324845,0.29450332384675826,0.15090119110108524,0.26773178168700495,0.5082493340455605,0.6599486117279022,0.330518275042622,0.5903210388223616,0.7169054431490939,0.6912000730841312
0.10601568021436743,0.27019951000958853,0.19981109475447187,-0.4694025625088553,0.0,0.12156973675404642,0.0,-0.10983900648774118,0.0,0.12156973675404642,-0.4694025625088553,0.03499316282740767,0.06183013168642566,0.08758350213861653,0.7488063398712529,0.48212110716141937,0.7774111628885629,0.5395961294917806,0.12912638939281357,0.2579676746589031,0.7715500826703082
0.03091894814178296,0.16229494059907126,0.41913108295571494,-0.17771421584443192,0.0,0.027648211693438597,0.0,-0.02326137493059763,0.0,0.027648211693438597,-0.17771421584443192,0.08964440076440704,0.09077971418950004,0.09265333412616159,0.06601241750014812,0.43719697495514587,0.4808261893820163,0.6783055226318921,0.36298517774008787,0.28420326656401623,0.3462661083615333
-0.030918948137907423,-0.16229494058247237,0.4191310829505073,-0.18700424364953042,0.0,-0.02876302373421951,0.0,0.022127830367179125,0.0,0.022127830367179125,-0.18700424364953042,0.08964440076440704,0.09077971418950004,0.09265333412616159,0.06601241750014812,0.43719697495514587,0.4808261893820163,0.6783055226318921,0.36298517774008787,0.28420326656401623,0.3462661083615333
0.6539351079135527,0.3209921872436718,-0.4040845934251062,-0.1895452921489567,0.0,0.21040843139314497,0.0,0.5118344508516864,0.0,0.5118344508516864,-0.1895452921489567,0.16017649007425847,0.3531312038909943,0.3542198079134728,0.38996702763384955,0.36110208389552934,0.41691226121193514,0.475821257360023,0.32094480521690216,0.7907603007572174,0.17407071974144533
0.6539351079121083,-0.3209921872423761,0.4040845934247639,-0.1925439446936102,0.0,0.1859090460266892,0.0,0.5551449145094876,0.0,0.5551449145094876,-0.1925439446936102,0.16017649007425847,0.3531312038909943,0.3542198079134728,0.38996702763384955,0.36110208389552934,0.41691226121193514,0.475821257360023,0.32094480521690216,0.7907603007572174,0.17407071974144533
0.5266534991323409,-0.1815997883141366,0.7235428857685172,-0.13608795333292506,0.0,0.10210489727117904,0.0,0.36559169471861397,0.0,0.36559169471861397,-0.13608795333292506,0.13225709558649268,0.30848997747262474,0.554786776272095,0.23941371596061173,0.11162272471495212,0.7273354225306501,0.13216573618996413,0.1353421304951568,0.8358045479056304,0.548747077407818
0.05249800128964395,0.04545443846016148,0.23893163504490014,-0.23621167456609798,0.0,0.03065002228621618,0.0,-0.028892119958158442,0.0,0.03065002228621618,-0.23621167456609798,0.274210362458795,0.08435852175035226,0.06648992825998805,0.25343051065139305,0.6861600742430868,0.5307883815590982,0.6554110665293288,0.5492051902423418,0.1440510296886421,0.4983722674636114
-0.05249800128047925,-0.04545443843929364,0.23893163508606086,-0.2508771018559571,0.0,-0.03236230936988169,0.0,0.026067266964809963,0.0,0.026067266964809963,-0.2508771018559571,0.274210362458795,0.08435852175035226,0.06648992825998805,0.25343051065139305,0.6861600742430868,0.5307883815590982,0.6554110665293288,0.5492051902423418,0.1440510296886421,0.4983722674636114
1.6023154470542673,1.674833527966987,0.4982319797889467,0.6954961785952795,0.0,-0.09191542253406987,0.0,-0.4577446314895209,0.0,0.6954961785952795,-0.4577446314895209,0.13271302206205038,0.03657350650495927,0.14449103778446118,0.6997607310011741,0.40566265148790076,0.07553627745578667,0.630979098318583,0.29184218870745127,0.6997898870782419,0.787879022970232
0.16495693850422324,0.10568972637928678,0.29357435351588235,-0.29469810120100554,0.0,0.08759335736989908,0.0,-0.08476281312321626,0.0,0.08759335736989908,-0.29469810120100554,0.14186762464270658,0.06384282173089928,0.26231419627476504,0.44905564126981345,0.4891584061578305,0.4979694594781118,0.391696491362326,0.4983757495846529,0.5051442860655617,0.5778283524175415
0.4468767813591395,0.4086776240061816,0.2648797641228651,0.14111516583542152,0.0,-0.20758193421385238,0.0,-0.12969740712063701,0.0,0.14111516583542152,-0.20758193421385238,0.2365194797136302,0.0268957844366084,0.3572461431581456,0.4617424980539249,0.5161376559117233,0.09055543068347166,0.5798325660325347,0.29358372477441125,0.6985235571359948,0.6008130118072255
-0.3801010914357843,0.6059679091559786,0.5436081074401701,-0.33265066556928524,0.0,0.6620644588327987,0.0,0.3316263723347138,0.0,0.6620644588327987,-0.33265066556928524,0.4861907881577635,0.32451439177694,0.4897673510868524,0.371982049894869,0.5211398327997312,0.7555944716041819,0.7797190705244665,0.6987832990504274,0.8073289303138591,0.21009870740129533
0.4456897212022008,0.42047005839466595,-0.1871687931022786,-0.14859829535725683,0.0,0.1357008806034196,0.0,0.5834576590665422,0.0,0.5834576590665422,-0.14859829535725683,0.12927217415460726,0.166651390816984,0.5036394549137054,0.5091576260342939,0.4208101194375501,0.39738305131714113,0.20645000785090567,0.4361437040188374,0.5546790102736735,0.19068191604030282
-0.4456897211919084,0.4204700583885681,0.18716879310174106,-0.14817694992159483,0.0,0.17724426225210663,0.0,0.4726946766647135,0.0,0.4726946766647135,-0.14817694992159483,0.12927217415460726,0.166651390816984,0.5036394549137054,0.5091576260342939,0.4208101194375501,0.39738305131714113,0.20645000785090567,0.4361437040188374,0.5546790102736735,0.19068191604030282
0.4456897212048979,-0.42047005839829116,0.18716879310840556,-0.15180648573570174,0.0,0.17358442794590478,0.0,0.47005107681553054,0.0,0.47005107681553054,-0.15180648573570174,0.12927217415460726,0.166651390816984,0.5036394549137054,0.5091576260342939,0.4208101194375501,0.39738305131714113,0.20645000785090567,0.4361437040188374,0.5546790102736735,0.19068191604030282
-0.4456897211935888,-0.42047005839126533,-0.18716879310264883,-0.08592576736931354,0.0,0.2108310991551889,0.0,0.5960024686959962,0.0,0.5960024686959962,-0.08592576736931354,0.12927217415460726,0.166651390816984,0.5036394549137054,0.5091576260342939,0.4208101194375501,0.39738305131714113,0.20645000785090567,0.4361437040188374,0.5546790102736735,0.19068191604030282
0.014546524931232124,0.011395527355832498,0.32662783781075694,-0.3496708143321018,0.0,0.03018125906716407,0.0,0.010640981715899323,0.0,0.03018125906716407,-0.3496708143321018,0.41450340232852734,0.10368744570012545,0.49838509637035106,0.43445498192412574,0.6049684147736,0.4848481955706019,0.6340789429792886,0.4525702612879575,0.6191719244903301,0.7796810206622612
0.9326396480870551,0.37807191086868935,0.2378918756114717,0.25330800855671076,0.0,-0.13615090611721556,0.0,-0.8082967537489659,0.0,0.25330800855671076,-0.8082967537489659,0.4776532871517234,0.2161303105922282,0.05348568906095177,0.5372476355096236,0.36971135224282325,0.48930131246781733,0.5943392358070893,0.48615863957450756,0.8741501313127519,0.8908437855580148
0.0028302949476914988,0.0018435159180087996,-0.12541492666482867,0.08562610338240767,0.0,0.00116296589948326,0.0,-0.0019085954804590928,0.0,0.08562610338240767,-0.0019085954804590928,0.29338507741791237,0.3211785797744415,0.21836221314583135,0.5881092290535086,0.1931034888410113,0.51224031395095,0.5746880413750833,0.665953710836986,0.5154034908150215,0.42586804327358296
0.2820491794812314,0.1346454903562308,0.3328708979976913,0.08853013409462301,0.0,-0.08273624929609785,0.0,-0.23815281659997362,0.0,0.08853013409462301,-0.23815281659997362,0.20021894007409696,0.041522650767808686,0.1996057459016732,0.3621595976534081,0.2702474407421493,0.3675484800172199,0.6273771402634208,0.5596980632415475,0.5878755436965338,0.410867065937666
-0.08915865254654856,0.3936623397007839,1.0820234875548818,0.43013808064395154,0.0,-0.09826052516936067,0.0,0.06145463452918894,0.0,0.43013808064395154,-0.09826052516936067,0.40280928246124936,0.22093051299757263,0.13071526068062075,0.058844401602427585,0.5959691453709116,0.5317430455624408,0.7187993587113326,0.4423349060170251,0.6702672709447344,0.1692857750947221
0.08915865254524828,-0.393662339694056,1.0820234875450305,0.4350029503471837,0.0,0.0963185314247978,0.0,-0.07313068067503037,0.0,0.4350029503471837,-0.07313068067503037,0.40280928246124936,0.22093051299757263,0.13071526068062075,0.058844401602427585,0.5959691453709116,0.5317430455624408,0.7187993587113326,0.4423349060170251,0.6702672709447344,0.1692857750947221
0.10018974703006864,0.18500941697663367,-0.06353879526220559,0.3200270113769608,0.0,0.08212852268381851,0.0,-0.07056815248567658,0.0,0.3200270113769608,-0.07056815248567658,0.11470469330326187,0.12838600985550147,0.30106452785593224,0.7507632908760665,0.6994515068399514,0.7500420649868182,0.15062011885699617,0.5903064609789783,0.4654616410483393,0.1767197057979736
-0.10018974700945119,0.18500941699601478,0.06353879525432711,0.3042249437721993,0.0,0.08728928838870137,0.0,-0.07008162145851085,0.0,0.3042249437721993,-0.07008162145851085,0.11470469330326187,0.12838600985550147,0.30106452785593224,0.7507632908760665,0.6994515068399514,0.7500420649868182,0.15062011885699617,0.5903064609789783,0.4654616410483393,0.1767197057979736
-0.10018974701898434,-0.18500941701619789,-0.063538795263051,0.32435446729602785,0.0,0.09404328609423342,0.0,-0.06025418641387713,0.0,0.32435446729602785,-0.06025418641387713,0.11470469330326187,0.12838600985550147,0.30106452785593224,0.7507632908760665,0.6994515068399514,0.7500420649868182,0.15062011885699617,0.5903064609789783,0.4654616410483393,0.1767197057979736
0.10018974700874522,-0.1850094169927223,0.06353879525401739,0.29962684393186945,0.0,-0.07265689163375788,0.0,0.08571712662183535,0.0,0.29962684393186945,-0.07265689163375788,0.11470469330326187,0.12838600985550147,0.30106452785593224,0.7507632908760665,0.6994515068399514,0.7500420649868182,0.15062011885699617,0.5903064609789783,0.4654616410483393,0.1767197057979736
0.7706423855221872,0.6076839215619589,0.7401824258032861,0.3551450463373361,0.0,-0.14737249858794457,0.0,-0.4347676630122374,0.0,0.3551450463373361,-0.4347676630122374,0.0735671833264018,0.13768181436899607,0.03183116635451178,0.13240306458264933,0.22670942725160192,0.7651790459698135,0.19962735946160842,0.4638294786909798,0.6828039783819941,0.7556389739281987
0.12707507264254786,-0.14118999520587952,0.11740267992702373,-0.039102774222276926,0.0,0.048142670023561776,0.0,0.17597954874847474,0.0,0.17597954874847474,-0.039102774222276926,0.34291410133585065,0.26800659784211883,0.4716608800933329,0.09007288670691306,0.5272369910226369,0.8243328718448708,0.6376531464693441,0.4087724515315023,0.6656109465890587,0.5193492798751342
0.1270750726661273,0.1411899951833067,-0.1174026798511245,-0.038373303651550554,0.0,0.044792079054051616,0.0,0.1924489340509772,0.0,0.1924489340509772,-0.038373303651550554,0.34291410133585065,0.26800659784211883,0.4716608800933329,0.09007288670691306,0.5272369910226369,0.8243328718448708,0.6376531464693441,0.4087724515315023,0.6656109465890587,0.5193492798751342
-0.12707507265312115,0.14118999519567327,0.11740267994579133,-0.043386205809801175,0.0,0.04460086624128114,0.0,0.1710592466386994,0.0,0.1710592466386994,-0.043386205809801175,0.34291410133585065,0.26800659784211883,0.4716608800933329,0.09007288670691306,0.5272369910226369,0.8243328718448708,0.6376531464693441,0.4087724515315023,0.6656109465890587,0.5193492798751342
-0.12707507263653225,-0.14118999519775982,-0.1174026799230185,-0.03147952868231149,0.0,0.052661765239823,0.0,0.19640323324449777,0.0,0.19640323324449777,-0.03147952868231149,0.34291410133585065,0.26800659784211883,0.4716608800933329,0.09007288670691306,0.5272369910226369,0.8243328718448708,0.6376531464693441,0.4087724515315023,0.6656109465890587,0.5193492798751342
0.14443905617730388,0.4280354066742627,-0.16732908971916557,0.5419814435169373,0.0,-0.12479556739048997,0.0,0.14361178139551217,0.0,0.5419814435169373,-0.12479556739048997,0.45038401835149966,0.15115118873788866,0.3977706943459354,0.5672553615723226,0.5892515440195665,0.698138205411817,0.6536140263321093,0.455633330301477,0.5404451002925005,0.25871532540410486
-0.14443905617801875,0.4280354066742704,0.16732908971845825,0.5435080059881998,0.0,0.13961017657934424,0.0,-0.12738855002285104,0.0,0.5435080059881998,-0.12738855002285104,0.45038401835149966,0.15115118873788866,0.3977706943459354,0.5672553615723226,0.5892515440195665,0.698138205411817,0.6536140263321093,0.455633330301477,0.5404451002925005,0.25871532540410486
0.1444390561759568,-0.42803540667239565,0.16732908971592206,0.49748529094114524,0.0,-0.13832514535752088,0.0,0.14379575192482,0.0,0.49748529094114524,-0.13832514535752088,0.45038401835149966,0.15115118873788866,0.3977706943459354,0.5672553615723226,0.5892515440195665,0.698138205411817,0.6536140263321093,0.455633330301477,0.5404451002925005,0.25871532540410486
-0.19087158702561563,0.210808727964886,0.23420174778401012,-0.12642492089527604,0.0,0.1974362207906571,0.0,0.23374822351421753,0.0,0.23374822351421753,-0.12642492089527604,0.15223354432667072,0.39369446271470715,0.4693550246285764,0.3293427151568891,0.6508867848374844,0.7173729070488427,0.17174610377475868,0.654952695868368,0.8866141433080632,0.39036784643433264
0.19087158702336035,0.21080872796838213,-0.2342017477847066,-0.1195417279186522,0.0,0.18620795702948492,0.0,0.2633032632087038,0.0,0.2633032632087038,-0.1195417279186522,0.15223354432667072,0.39369446271470715,0.4693550246285764,0.3293427151568891,0.6508867848374844,0.7173729070488427,0.17174610377475868,0.654952695868368,0.8866141433080632,0.39036784643433264
0.19087158702936646,-0.2108087279761687,0.23420174779454955,-0.12015623765374217,0.0,0.1796143081893632,0.0,0.2709734656279287,0.0,0.2709734656279287,-0.12015623765374217,0.15223354432667072,0.39369446271470715,0.4693550246285764,0.3293427151568891,0.6508867848374844,0.7173729070488427,0.17174610377475868,0.654952695868368,0.8866141433080632,0.39036784643433264
1.1881501238230257,1.6025590290800888,-0.41365767592150254,-0.3847804932318196,0.0,0.10510661277520848,0.0,0.8073366684980327,0.0,0.8073366684980327,-0.3847804932318196,0.26452761292454907,0.19617424993915533,0.5000776676327171,0.33670797485080656,0.4967971249085438,0.10063078800704142,0.509020223509214,0.29088613810590824,0.2447996902519748,0.15061555362009893
0.5237714156042299,-0.3992266583902382,0.5141412795283917,-0.14606364656974272,0.0,0.22293159119604275,0.0,0.1372979047583023,0.0,0.22293159119604275,-0.14606364656974272,0.4294539786574401,0.23491708920501356,0.4833815531083189,0.43337483493476897,0.07378173597853499,0.3221085036437778,0.32317852291866533,0.2304753924041742,0.438645261829817,0.8033339088497202
0.14139825410731624,0.5979580702107714,-0.2637430319173654,0.5005265543721055,0.0,-0.12055448716019421,0.0,0.13396076115164188,0.0,0.5005265543721055,-0.12055448716019421,0.4800203563745142,0.1766915608547116,0.2822219592221909,0.3652035022570855,0.6669522180032581,0.3640288680799999,0.23113138374268327,0.4295391712344231,0.5262806613596992,0.3145133506659932
-0.14139825408616047,0.597958070136134,0.2637430319222145,0.579162618324754,0.0,-0.12194897698958763,0.0,0.11035223794038902,0.0,0.579162618324754,-0.12194897698958763,0.4800203563745142,0.1766915608547116,0.2822219592221909,0.3652035022570855,0.6669522180032581,0.3640288680799999,0.23113138374268327,0.4295391712344231,0.5262806613596992,0.3145133506659932
0.5792828652901049,0.27249016509815105,0.1777123091092926,0.12277370338406206,0.0,-0.10891214547606114,0.0,-0.24708479288395624,0.0,0.12277370338406206,-0.24708479288395624,0.05186698170073442,0.018779520293239933,0.020372724939722066,0.635262271543989,0.5048248690353806,0.09875708639705963,0.26684516037717354,0.532565509933602,0.27477652060536456,0.393379471412282
-0.17244263213980968,0.6902179093933267,0.8795691134044844,0.30900525762610304,0.0,-0.0757125736031218,0.0,0.04034698680601127,0.0,0.30900525762610304,-0.0757125736031218,0.4710254679255636,0.3590343216136014,0.15048058586976798,0.06049398970788043,0.32040334998419384,0.13071254373668,0.6203382402603241,0.6938330765802985,0.3192227285618655,0.4159873250260985
0.05097588167043857,0.057936494932158314,0.36416812894079764,-0.2488672503518989,0.0,0.03697578360504837,0.0,-0.03361017921909019,0.0,0.03697578360504837,-0.2488672503518989,0.2846652328002181,0.11922292318730877,0.332621544778844,0.20045620684404947,0.5410234851394456,0.6698463692763212,0.5553222090907317,0.4419455711098038,0.5106421364961062,0.6620172950961997
0.8230258458758366,0.44346391369257954,0.08347559852275066,0.4983870884313202,0.0,0.07800140107187942,0.0,-0.2525226026022483,0.0,0.4983870884313202,-0.2525226026022483,0.4983418727588245,0.165801254347366,0.21785717018750553,0.7626970758872875,0.30021334808759564,0.1741939924540436,0.23573081810956498,0.665597974615444,0.7084932793664985,0.4165500069630078
-0.20110212904549313,0.5412394258928014,0.6141212382412947,-0.20661286220600428,0.0,0.3381733888691396,0.0,0.20571511783547256,0.0,0.3381733888691396,-0.20661286220600428,0.4399608662643907,0.27357442987914543,0.21093876483426952,0.1084269973652396,0.6238455190258365,0.8293472692899817,0.7570808325170288,0.3810057895817325,0.1856729678802431,0.3444150255836843
-0.35103200522864,0.0849125989290612,0.1331599561517055,-0.08034495063689664,0.0,0.08377033069283771,0.0,0.38792144421008856,0.0,0.38792144421008856,-0.08034495063689664,0.04653989190872038,0.33030076646040635,0.15426370891044833,0.5843369235268498,0.5217622427661507,0.5312534999566626,0.13394171507031255,0.20815913809140107,0.1708016404771337,0.20694104342958158
0.3510320052286891,-0.08491259892907699,0.13315995615177284,-0.07614328473720523,0.0,0.07955399458904117,0.0,0.4234998575088837,0.0,0.4234998575088837,-0.07614328473720523,0.04653989190872038,0.33030076646040635,0.15426370891044833,0.5843369235268498,0.5217622427661507,0.5312534999566626,0.13394171507031255,0.20815913809140107,0.1708016404771337,0.20694104342958158
0.35103200522568145,0.08491259893152057,-0.13315995614755058,-0.07466809216392614,0.0,0.087220450168181,0.0,0.3972505087269306,0.0,0.3972505087269306,-0.07466809216392614,0.04653989190872038,0.33030076646040635,0.15426370891044833,0.5843369235268498,0.5217622427661507,0.5312534999566626,0.13394171507031255,0.20815913809140107,0.1708016404771337,0.20694104342958158
-0.3510320052286262,-0.08491259892911397,-0.13315995615183537,-0.05879198630849633,0.0,0.09902441999977156,0.0,0.4315624682254155,0.0,0.4315624682254155,-0.05879198630849633,0.04653989190872038,0.33030076646040635,0.15426370891044833,0.5843369235268498,0.5217622427661507,0.5312534999566626,0.13394171507031255,0.20815913809140107,0.1708016404771337,0.20694104342958158
0.0007447616385680179,-0.40420592851882853,0.0013319209686978861,0.44656844879123264,0.0,0.001993604209461359,0.0,-0.008526462142377376,0.0,0.44656844879123264,-0.008526462142377376,0.4703324863998702,0.11869360314306746,0.2676643976545535,0.29449311744868767,0.256251529773501,0.8520898794083082,0.5369052944906607,0.4430230213422883,0.4698184849974436,0.28711226904541354
0.6615321376147123,-0.43525131974620496,0.5153737700387316,-0.2967290211286802,0.0,0.29803313129536196,0.0,0.41914992063582024,0.0,0.41914992063582024,-0.2967290211286802,0.24973847726000273,0.2381801839876544,0.4128396896315716,0.6211243823547501,0.1615673338754327,0.6187383142476793,0.13747852502102179,0.3922429846659621,0.23599479098798648,0.2845762151328186
0.6968602112159982,1.0376097535091062,-0.3447974234961103,0.4481467006534787,0.0,-0.19196687785148547,0.0,0.12022402143781773,0.0,0.4481467006534787,-0.19196687785148547,0.3135808657292042,0.16248789822110668,0.38720766917065164,0.39067881282458766,0.2598463715468546,0.11271208857375407,0.5371304475994657,0.4863121202902646,0.7169521380464977,0.21039203546052887
0.9909413008564052,0.3868479147337384,0.31855768957525593,0.25844850019367416,0.0,-0.12909025412332933,0.0,-0.6041972259746897,0.0,0.25844850019367416,-0.6041972259746897,0.4022250395453671,0.04042557701943747,0.059775241256752036,0.3647885753722289,0.46875132962012367,0.29254292005949023,0.7269300595404735,0.6868822159207436,0.6688251095862237,0.6157265209243833
-0.02955898545259832,0.20770417367476723,0.18423987626576915,0.32174719727035855,0.0,-0.03524668405758357,0.0,0.032918115102961956,0.0,0.32174719727035855,-0.03524668405758357,0.4097013425871544,0.15680922385153223,0.20843077850771952,0.21683709495123243,0.547294611060504,0.7001082359159708,0.4478650007656275,0.4946637953348376,0.6427281454204503,0.28799220312355456
-0.029558985452992115,-0.20770417367203542,-0.18423987626852775,0.3224672258414214,0.0,-0.02865510679885634,0.0,0.04016424422695202,0.0,0.3224672258414214,-0.02865510679885634,0.4097013425871544,0.15680922385153223,0.20843077850771952,0.21683709495123243,0.547294611060504,0.7001082359159708,0.4478650007656275,0.4946637953348376,0.6427281454204503,0.28799220312355456
0.02955898545287177,0.20770417367580582,-0.18423987626733018,0.3073196048855,0.0,-0.03314336821760707,0.0,0.03724347528584936,0.0,0.3073196048855,-0.03314336821760707,0.4097013425871544,0.15680922385153223,0.20843077850771952,0.21683709495123243,0.547294611060504,0.7001082359159708,0.4478650007656275,0.4946637953348376,0.6427281454204503,0.28799220312355456
0.029558985452542572,-0.20770417367445465,0.18423987626561827,0.3069609958919908,0.0,-0.034260471315574734,0.0,0.036083595248169856,0.0,0.3069609958919908,-0.034260471315574734,0.4097013425871544,0.15680922385153223,0.20843077850771952,0.21683709495123243,0.547294611060504,0.7001082359159708,0.4478650007656275,0.4946637953348376,0.6427281454204503,0.28799220312355456
1.0640560990585164,0.12379189995890741,0.43502167786229884,0.1479321736033464,0.0,-0.08039831361955306,0.0,-0.4704929038187905,0.0,0.1479321736033464,-0.4704929038187905,0.11148077495260962,0.10044417235280993,0.40699301571886154,0.601768538675935,0.09829852348267011,0.48429706866723654,0.21029161581362382,0.6933927648372892,0.8202597876137915,0.6749505394201196
0.4449266428215648,-0.1543742268380272,0.22450287240860786,-0.07478953730834546,0.0,0.07272777621723983,0.0,0.39533270706254664,0.0,0.39533270706254664,-0.07478953730834546,0.21044046945907882,0.3070695876906815,0.3426149699596459,0.1995114293593403,0.36056425873434794,0.48608177644734657,0.7008429166069252,0.26526272587011934,0.6972535114776675,0.27809309110646396
-0.44492664298573603,0.15437422679376095,0.22450287268314006,-0.08658267745354074,0.0,0.0737143563895696,0.0,0.3479367974027661,0.0,0.3479367974027661,-0.08658267745354074,0.21044046945907882,0.3070695876906815,0.3426149699596459,0.1995114293593403,0.36056425873434794,0.48608177644734657,0.7008429166069252,0.26526272587011934,0.6972535114776675,0.27809309110646396
0.44492664284744626,0.15437422684037927,-0.22450287266275035,-0.07058952534040301,0.0,0.08219585854626145,0.0,0.37640627979805313,0.0,0.37640627979805313,-0.07058952534040301,0.21044046945907882,0.3070695876906815,0.3426149699596459,0.1995114293593403,0.36056425873434794,0.48608177644734657,0.7008429166069252,0.26526272587011934,0.6972535114776675,0.27809309110646396
-0.4449266428582642,-0.1543742268476051,-0.22450287266533905,-0.047236677085886206,0.0,0.1033105217225528,0.0,0.41779947346818297,0.0,0.41779947346818297,-0.047236677085886206,0.21044046945907882,0.3070695876906815,0.3426149699596459,0.1995114293593403,0.36056425873434794,0.48608177644734657,0.7008429166069252,0.26526272587011934,0.6972535114776675,0.27809309110646396
-0.023226180000369787,0.5327679437831015,0.013770685601556405,0.36493604490058934,0.0,0.006664656840390067,0.0,-0.00580088733377631,0.0,0.36493604490058934,-0.00580088733377631,0.33061591741606805,0.02927404146569003,0.35301911983133927,0.6412392294393946,0.18026139538971742,0.17884299548689903,0.4989629044908239,0.11363569970783648,0.749288947800368,0.2566607493681075
0.023226180002732296,0.532767943797702,-0.013770685603012528,0.3616473927565746,0.0,-0.006667202385793876,0.0,0.005836683583795142,0.0,0.3616473927565746,-0.006667202385793876,0.33061591741606805,0.02927404146569003,0.35301911983133927,0.6412392294393946,0.18026139538971742,0.17884299548689903,0.4989629044908239,0.11363569970783648,0.749288947800368,0.2566607493681075
0.29065984999090255,-0.2461115523236731,0.31291741063131917,0.3422518486490024,0.0,0.04148417718698304,0.0,-0.04196213859250971,0.0,0.3422518486490024,-0.04196213859250971,0.12115193243670504,0.35183128276694775,0.1926157559637881,0.08247535044918551,0.6676463966477019,0.11978495319182528,0.21327967953587834,0.22573217979023233,0.3548929570463123,0.46558325004770895
0.2906598499933812,0.2461115523237039,-0.3129174106336723,0.23783922668874966,0.0,-0.05047829744964329,0.0,0.050102275935301206,0.0,0.23783922668874966,-0.05047829744964329,0.12115193243670504,0.35183128276694775,0.1926157559637881,0.08247535044918551,0.6676463966477019,0.11978495319182528,0.21327967953587834,0.22573217979023233,0.3548929570463123,0.46558325004770895
-0.2906598499920876,0.24611155232404985,0.31291741063805234,0.2369896440656435,0.0,0.04837080615726766,0.0,-0.05233153701644798,0.0,0.2369896440656435,-0.05233153701644798,0.12115193243670504,0.35183128276694775,0.1926157559637881,0.08247535044918551,0.6676463966477019,0.11978495319182528,0.21327967953587834,0.22573217979023233,0.3548929570463123,0.46558325004770895
1.3678369023823327,-0.4756817036076028,1.1718259836589273,-0.4127216007316534,0.0,0.11183142895395565,0.0,0.5462255369077503,0.0,0.5462255369077503,-0.4127216007316534,0.1634380072906799,0.35107398413603186,0.5836978860960972,0.1841307639506503,0.07177580166961595,0.880108313195897,0.45658453739019456,0.5640921390743752,0.4907611840693161,0.19361512650786025
-0.19393986499923274,0.22538321468580394,0.651991125300475,0.49001909157243384,0.0,-0.1488034481151843,0.0,0.1554724397059223,0.0,0.49001909157243384,-0.1488034481151843,0.4137964003990995,0.2951820801183801,0.2941088975614064,0.3460010720455472,0.3822336012694215,0.7529348507991181,0.5515228939480031,0.2936602438708472,0.886144191320281,0.27493340280885903
0.19393986500269084,-0.22538321468586375,0.6519911252937832,-0.1473397201276444,0.0,0.47554877700241754,0.0,0.16345543352856012,0.0,0.47554877700241754,-0.1473397201276444,0.4137964003990995,0.2951820801183801,0.2941088975614064,0.3460010720455472,0.3822336012694215,0.7529348507991181,0.5515228939480031,0.2936602438708472,0.886144191320281,0.27493340280885903
-0.42347852892817317,1.2799403297713376,0.6064825636448363,0.433008047858143,0.0,-0.1672191543618768,0.0,0.0831243040208236,0.0,0.433008047858143,-0.1672191543618768,0.42852382873778677,0.2707472684895783,0.2579527484216356,0.13538254178766662,0.5189968371893652,0.07054428316710576,0.30580376708863766,0.28248359657452515,0.330467176740435,0.589788436875846
0.47469885759663993,0.19145858343099456,0.237272197389449,0.09325345634730446,0.0,-0.07807100215490778,0.0,-0.25815997355276893,0.0,0.09325345634730446,-0.25815997355276893,0.41519879894240874,0.18321893840268103,0.28091368734781,0.40854987113098323,0.3750370731041013,0.15077923179018157,0.5608155842928321,0.49853971826598464,0.41807638033969474,0.8100635491510156
0.6223785630162761,-0.08983140749704636,0.08710416456147806,-0.06548620052786278,0.0,0.0683797027322603,0.0,0.4720650049842508,0.0,0.4720650049842508,-0.06548620052786278,0.08817812808586092,0.2667152459694673,0.3172595416519302,0.7537054955051778,0.3411510341387248,0.42154494594355235,0.7010481563070314,0.5419042185809886,0.4158458899013797,0.11226385033308937
0.6223785630296995,0.08983140750923582,-0.08710416456277009,-0.0651042712803402,0.0,0.0671596180503141,0.0,0.4830507939386751,0.0,0.4830507939386751,-0.0651042712803402,0.08817812808586092,0.2667152459694673,0.3172595416519302,0.7537054955051778,0.3411510341387248,0.42154494594355235,0.7010481563070314,0.5419042185809886,0.4158458899013797,0.11226385033308937
0.5194186128270989,0.34426832217932435,-0.26823423710882993,-0.12553402217878687,0.0,0.1663082894783915,0.0,0.19038185971495641,0.0,0.19038185971495641,-0.12553402217878687,0.2801896157770216,0.34655716489736704,0.1669106483258433,0.6406910072012606,0.24525456950467256,0.13167892696579903,0.41457721673332204,0.616568397420083,0.19727608762520107,0.401094688164069
0.5194186128349961,-0.34426832218079534,0.2682342371057346,-0.11963030724662191,0.0,0.15913985278767587,0.0,0.2128937001546202,0.0,0.2128937001546202,-0.11963030724662191,0.2801896157770216,0.34655716489736704,0.1669106483258433,0.6406910072012606,0.24525456950467256,0.13167892696579903,0.41457721673332204,0.616568397420083,0.19727608762520107,0.401094688164069
-0.0045859051150285365,-0.16773768937251848,0.027888068844085314,-0.37447557287038447,0.0,0.005224356734784718,0.0,-4.000208534642298e-05,0.0,0.005224356734784718,-0.37447557287038447,0.08181525467718155,0.1573392213607747,0.5343421435403489,0.36362325647937555,0.48936104404614633,0.06644230658848216,0.532835993289101,0.1850354737641875,0.6260184685315849,0.8490839506412992
0.004323702744781656,0.21734897310780432,0.020254847415147832,-0.37224190066848034,0.0,0.006313481557861952,0.0,5.576274209430216e-05,0.0,0.006313481557861952,-0.37224190066848034,0.08181525467718155,0.1573392213607747,0.5343421435403489,0.36362325647937555,0.48936104404614633,0.06644230658848216,0.532835993289101,0.1850354737641875,0.6260184685315849,0.8490839506412992
0.005719443491373206,0.12892928198428696,0.04508435722464832,-0.3705386938427446,0.0,0.005052582706903993,0.0,0.0001961658196249121,0.0,0.005052582706903993,-0.3705386938427446,0.08181525467718155,0.1573392213607747,0.5343421435403489,0.36362325647937555,0.48936104404614633,0.06644230658848216,0.532835993289101,0.1850354737641875,0.6260184685315849,0.8490839506412992
0.6377831483145423,0.46406031615871546,1.440055551224432,0.16953298032606423,0.0,-0.07685250228657749,0.0,-0.1319857978873399,0.0,0.16953298032606423,-0.1319857978873399,0.24176913553563809,0.297508009944938,0.44174695335714115,0.06816765392747871,0.051324261868784714,0.45339342521948195,0.3997130267728459,0.5093301951804707,0.6827013824946839,0.783551076028932
0.10259704412605439,0.18580833159637045,0.024472344712480103,-0.6247636750880348,0.0,0.021464202118256566,0.0,-0.018339851658059465,0.0,0.021464202118256566,-0.6247636750880348,0.4908994678716315,0.20227103792751963,0.04829149306350722,0.5236291237401917,0.32229752074301127,0.7859671273299887,0.5915250097187122,0.2377414486108153,0.7600106896345509,0.8691213923563189
-0.10259704412428818,0.1858083315944505,-0.02447234471194813,-0.6536610955729846,0.0,-0.020912209082714593,0.0,0.018205534584757762,0.0,0.018205534584757762,-0.6536610955729846,0.4908994678716315,0.20227103792751963,0.04829149306350722,0.5236291237401917,0.32229752074301127,0.7859671273299887,0.5915250097187122,0.2377414486108153,0.7600106896345509,0.8691213923563189
-0.49701561498168295,0.5720564866606624,0.5927331277982064,-0.23511027538928225,0.0,0.48669756292289545,0.0,0.23422476797541297,0.0,0.48669756292289545,-0.23511027538928225,0.2775416446471655,0.19628701457337114,0.2811586259993848,0.32691508898539173,0.2311242162643793,0.5169877991729737,0.4317826415435332,0.6119905009354372,0.26274427745661716,0.12624816476524067
0.48630646864018073,0.12933492004096897,0.31828996280283456,0.08628982541967219,0.0,-0.08943527446098849,0.0,-0.14877066504274222,0.0,0.08628982541967219,-0.14877066504274222,0.2718538347577126,0.19846383845211446,0.17019058035140558,0.5138549118340232,0.06759557700988736,0.4389905254981885,0.7668804631761524,0.679358060971104,0.6248289787374957,0.411213796367646
0.39671965612511256,0.31558903714968806,-0.3065442435984975,-0.2685685594496088,0.0,0.36009545816149424,0.0,0.5454542813648363,0.0,0.5454542813648363,-0.2685685594496088,0.28107679509250044,0.39070303090408454,0.36709902970428954,0.7841651590711141,0.6675011087965921,0.6475989810303905,0.3278835691313694,0.4870823212290589,0.37440536100860844,0.2740434263833519
0.3967196561246815,-0.3155890371500278,0.30654424359814053,-0.26806681172094127,0.0,0.3646781708156934,0.0,0.5405630104535938,0.0,0.5405630104535938,-0.26806681172094127,0.28107679509250044,0.39070303090408454,0.36709902970428954,0.7841651590711141,0.6675011087965921,0.6475989810303905,0.3278835691313694,0.4870823212290589,0.37440536100860844,0.2740434263833519
-0.39671965611406157,0.31558903713896763,0.30654424359148574,-0.26766410658655143,0.0,0.4546493764195791,0.0,0.43956005645499197,0.0,0.4546493764195791,-0.26766410658655143,0.28107679509250044,0.39070303090408454,0.36709902970428954,0.7841651590711141,0.6675011087965921,0.6475989810303905,0.3278835691313694,0.4870823212290589,0.37440536100860844,0.2740434263833519
0.11744284080221175,0.11976775467382203,0.35224988763575127,-0.28570624228173574,0.0,0.05837877707969621,0.0,-0.04587811599439516,0.0,0.05837877707969621,-0.28570624228173574,0.11987853126491238,0.07429777571591054,0.1452045886887796,0.43359761251109696,0.42834563647495233,0.21281463900046993,0.7278080748757711,0.5868516560882853,0.4058456317071798,0.3787218188588455
0.6543849277694891,0.5556048643515168,-0.2720360807659717,-0.20721015152492256,0.0,0.17899673498067883,0.0,0.4914566304646898,0.0,0.4914566304646898,-0.20721015152492256,0.24108208229856426,0.33551804119702405,0.4402031837144518,0.39869956167375314,0.5834414580042621,0.20489663143832593,0.5462617453081858,0.5447556009595335,0.6099194992210571,0.2727514129058524
1.167395276174472,1.1458886292850072,-0.4356128880624829,-0.5059981780287014,0.0,0.22383972931686627,0.0,0.7874787167252011,0.0,0.7874787167252011,-0.5059981780287014,0.3297423069345837,0.3139214286939162,0.45000359857038136,0.6314957276183324,0.5880329820017032,0.1335110474964057,0.44590483322421803,0.3954068867519819,0.2987275632613886,0.13393553951423165
0.3663998779698233,0.3925957374370466,-0.39082297666741295,-0.14392538351682865,0.0,0.348264631518693,0.0,0.1486605683116189,0.0,0.348264631518693,-0.14392538351682865,0.46027983233895575,0.13660140010105082,0.1294486860193232,0.7848194764571998,0.21955286288138193,0.18777276869144083,0.7492630624901573,0.3217378802926398,0.34346119795076024,0.17567251429468167
0.3663998779679743,-0.39259573743735116,0.390822976667764,-0.14084694905654271,0.0,0.3526259886964468,0.0,0.15007850457761682,0.0,0.3526259886964468,-0.14084694905654271,0.46027983233895575,0.13660140010105082,0.1294486860193232,0.7848194764571998,0.21955286288138193,0.18777276869144083,0.7492630624901573,0.3217378802926398,0.34346119795076024,0.17567251429468167
-0.3663998779701491,0.392595737437013,0.39082297666694576,0.5359571539634508,0.0,-0.11572115017303299,0.0,0.11958093734514287,0.0,0.5359571539634508,-0.11572115017303299,0.46027983233895575,0.13660140010105082,0.1294486860193232,0.7848194764571998,0.21955286288138193,0.18777276869144083,0.7492630624901573,0.3217378802926398,0.34346119795076024,0.17567251429468167
0.7957268597796695,0.6935992468010344,0.569292565566709,0.44970365575741317,0.0,-0.26232770746881506,0.0,-0.4819038796512409,0.0,0.44970365575741317,-0.4819038796512409,0.010483274263183356,0.04929795691776893,0.16421312054049464,0.3317663135414721,0.46619972035545165,0.40138939353237135,0.2814578554896402,0.5686243322107395,0.8893883647659326,0.6221697701734391
-0.17948171299207036,0.49414806282835405,0.652536892343998,0.5444513976954015,0.0,-0.213405521256179,0.0,0.181888058286327,0.0,0.5444513976954015,-0.213405521256179,0.42515236520462346,0.16786473091663479,0.1375835658928396,0.18991745706831142,0.5806933297633257,0.8655423486272783,0.6737551588459958,0.24263740909718526,0.1600407112344839,0.12460620490214556
0.17948171301051813,-0.4941480627930087,0.6525368924192345,-0.19840490118949505,0.0,0.4782515788523321,0.0,0.24662934220256852,0.0,0.4782515788523321,-0.19840490118949505,0.42515236520462346,0.16786473091663479,0.1375835658928396,0.18991745706831142,0.5806933297633257,0.8655423486272783,0.6737551588459958,0.24263740909718526,0.1600407112344839,0.12460620490214556
0.14030008994344573,0.07112322357846869,0.221333619541914,0.06788304317638563,0.0,-0.08155640701566301,0.0,-0.17127608539779443,0.0,0.06788304317638563,-0.17127608539779443,0.20752444850128057,0.13024676832774448,0.09754257298225293,0.5862540070305059,0.2531243728365748,0.7333050502942356,0.3264268469247413,0.28756198233000235,0.15598886461907446,0.8372576097913854
0.18871956641989573,0.40028356275704463,0.30145472501439174,0.21494127119570117,0.0,-0.5008468186160158,0.0,-0.19265871837299492,0.0,0.21494127119570117,-0.5008468186160158,0.07846744629221525,0.2871708805265771,0.5099523026586968,0.6082459815361987,0.6417381852785888,0.6189645661131037,0.5843664804436939,0.4730869577009915,0.8315237681467066,0.7998066319763926
0.07147398125442568,0.17450359254678774,-0.02302476000667793,0.38317545089997307,0.0,-0.009451096626846126,0.0,0.008788603429263098,0.0,0.38317545089997307,-0.009451096626846126,0.252747267761768,0.3196191641284718,0.48073817603586905,0.23382717851313406,0.17831173584796078,0.6657152592265967,0.3556335593496547,0.47190317924247394,0.17829204502340446,0.673734769806037
0.07147398128911124,-0.1745035925229453,0.023024760018828357,0.36720594614948887,0.0,-0.009698064750082322,0.0,0.008985738758011405,0.0,0.36720594614948887,-0.009698064750082322,0.252747267761768,0.3196191641284718,0.48073817603586905,0.23382717851313406,0.17831173584796078,0.6657152592265967,0.3556335593496547,0.47190317924247394,0.17829204502340446,0.673734769806037
-0.07147398125371722,0.17450359254604753,0.023024760006587347,0.36727116640224,0.0,0.009589590115138288,0.0,-0.009075031354262793,0.0,0.36727116640224,-0.009075031354262793,0.252747267761768,0.3196191641284718,0.48073817603586905,0.23382717851313406,0.17831173584796078,0.6657152592265967,0.3556335593496547,0.47190317924247394,0.17829204502340446,0.673734769806037
-0.07147398124794052,-0.17450359255074496,-0.02302476000521398,0.38323975599909094,0.0,0.010011119599203326,0.0,-0.008272042894270599,0.0,0.38323975599909094,-0.008272042894270599,0.252747267761768,0.3196191641284718,0.48073817603586905,0.23382717851313406,0.17831173584796078,0.6657152592265967,0.3556335593496547,0.47190317924247394,0.17829204502340446,0.673734769806037
